iteration,timestep,reward_first_0,reward_second_0
0,50000,-0.5384615384615384,0.3076923076923077
