iteration,timestep,reward_first_0,reward_second_0
0,50000,-0.6923076923076923,-0.07692307692307693
